{"cameraMode":{"drawMode":0,"name":"Shaded","section":"Shading Mode"},"sceneLighting":true,"audioPlay":false,"sceneViewState":{"m_AlwaysRefresh":false,"showFog":true,"showSkybox":true,"showFlares":true,"showImageEffects":true,"showParticleSystems":true,"showVisualEffectGraphs":true,"m_FxEnabled":true},"in2DMode":false,"pivot":{"x":12.420442581176758,"y":-4.328653812408447,"z":-16.77815055847168},"rotation":{"x":0.042372506111860278,"y":0.9366006255149841,"z":-0.12179116904735565,"w":0.3258400559425354},"size":31.931331634521486,"orthographic":false}