{"cameraMode":{"drawMode":0,"name":"Shaded","section":"Shading Mode"},"sceneLighting":true,"audioPlay":false,"sceneViewState":{"m_AlwaysRefresh":false,"showFog":true,"showSkybox":true,"showFlares":true,"showImageEffects":true,"showParticleSystems":true,"showVisualEffectGraphs":true,"m_FxEnabled":true},"in2DMode":false,"pivot":{"x":-13.460020065307618,"y":-7.737362861633301,"z":13.62094497680664},"rotation":{"x":-0.19158099591732026,"y":0.38857534527778628,"z":-0.08294666558504105,"w":-0.8974759578704834},"size":18.789588928222658,"orthographic":false}